league_id,league_name,match_id,radiant_team,dire_team,first_pick_team
19101,BLAST Slam VII,8825996999,PARI,OG,PARI
19101,BLAST Slam VII,8825993964,FLCN,GLYPH,FLCN
19101,BLAST Slam VII,8826042346,BB,LGD,LGD
19101,BLAST Slam VII,8826052816,XG,Liquid,XG
19101,BLAST Slam VII,8826110206,TY,TSpirit,TSpirit
19101,BLAST Slam VII,8826099852,Aurora,Tundra,Aurora
19101,BLAST Slam VII,8826168772,FLCN,OG,OG
19101,BLAST Slam VII,8826189006,LGD,GLYPH,LGD
19101,BLAST Slam VII,8826258112,PARI,XG,PARI
19101,BLAST Slam VII,8826268112,Aurora,BB,BB
19101,BLAST Slam VII,8826347921,TY,Liquid,Liquid
19101,BLAST Slam VII,8826341985,TSpirit,Tundra,Tundra
19101,BLAST Slam VII,8826437838,XG,OG,OG
19101,BLAST Slam VII,8826468180,LGD,FLCN,LGD
19101,BLAST Slam VII,8826537048,Aurora,GLYPH,Aurora
19101,BLAST Slam VII,8826591758,PARI,TY,TY
19101,BLAST Slam VII,8826631538,Tundra,Liquid,Tundra
19101,BLAST Slam VII,8826691962,TSpirit,BB,BB
19101,BLAST Slam VII,8827282767,XG,FLCN,XG
19101,BLAST Slam VII,8827289834,LGD,Aurora,Aurora
19101,BLAST Slam VII,8827351366,OG,TY,TY
19101,BLAST Slam VII,8827339763,TSpirit,GLYPH,TSpirit
19101,BLAST Slam VII,8827394170,PARI,Tundra,PARI
19101,BLAST Slam VII,8827398120,Liquid,BB,BB
19101,BLAST Slam VII,8827464470,FLCN,Aurora,Aurora
19101,BLAST Slam VII,8827492535,XG,TY,TY
19101,BLAST Slam VII,8827534616,TSpirit,LGD,LGD
19101,BLAST Slam VII,8827591403,OG,Tundra,Tundra
19101,BLAST Slam VII,8827680462,Liquid,GLYPH,GLYPH
19101,BLAST Slam VII,8827613435,BB,PARI,PARI
19101,BLAST Slam VII,8827769920,Aurora,TSpirit,TSpirit
19101,BLAST Slam VII,8827784459,TY,FLCN,TY
19101,BLAST Slam VII,8827888041,XG,Tundra,Tundra
19101,BLAST Slam VII,8827875225,LGD,Liquid,Liquid
19101,BLAST Slam VII,8828562631,PARI,GLYPH,GLYPH
19101,BLAST Slam VII,8828557643,OG,BB,OG
19101,BLAST Slam VII,8828602222,FLCN,TSpirit,TSpirit
19101,BLAST Slam VII,8828608241,TY,Tundra,TY
19101,BLAST Slam VII,8828662524,Aurora,Liquid,Aurora
19101,BLAST Slam VII,8828679235,BB,XG,XG
19101,BLAST Slam VII,8828733774,GLYPH,OG,OG
19101,BLAST Slam VII,8828731237,PARI,LGD,LGD
19101,BLAST Slam VII,8828810013,XG,TSpirit,TSpirit
19101,BLAST Slam VII,8828847743,TY,Aurora,Aurora
19101,BLAST Slam VII,8828912690,Tundra,FLCN,FLCN
19101,BLAST Slam VII,8828964848,LGD,OG,LGD
19101,BLAST Slam VII,8828993295,TY,BB,BB
19101,BLAST Slam VII,8829074990,PARI,Aurora,Aurora
19101,BLAST Slam VII,8829095250,TSpirit,Liquid,Liquid
19101,BLAST Slam VII,8829158433,GLYPH,XG,XG
19101,BLAST Slam VII,8829839467,FLCN,Liquid,Liquid
19101,BLAST Slam VII,8829839456,Tundra,BB,BB
19101,BLAST Slam VII,8829882210,PARI,TSpirit,TSpirit
19101,BLAST Slam VII,8829902323,TY,GLYPH,TY
19101,BLAST Slam VII,8829947467,LGD,XG,XG
19101,BLAST Slam VII,8829947329,Aurora,OG,Aurora
19101,BLAST Slam VII,8830011623,FLCN,BB,BB
19101,BLAST Slam VII,8830022703,PARI,Liquid,Liquid
19101,BLAST Slam VII,8830092075,TSpirit,OG,TSpirit
19101,BLAST Slam VII,8830097448,GLYPH,Tundra,GLYPH
19101,BLAST Slam VII,8830175194,XG,Aurora,Aurora
19101,BLAST Slam VII,8830280454,PARI,FLCN,PARI
19101,BLAST Slam VII,8830206341,LGD,TY,TY
19101,BLAST Slam VII,8830423116,BB,GLYPH,GLYPH
19101,BLAST Slam VII,8830442388,LGD,Tundra,Tundra
19101,BLAST Slam VII,8830529631,Liquid,OG,OG
19101,BLAST Slam VII,8831470213,TSpirit,OG,OG
19101,BLAST Slam VII,8831470350,Aurora,Tundra,Tundra
19101,BLAST Slam VII,8831571711,OG,TSpirit,TSpirit
19101,BLAST Slam VII,8831571549,Aurora,Tundra,Aurora
19101,BLAST Slam VII,8831663527,TSpirit,TY,TY
19101,BLAST Slam VII,8831674830,Aurora,Tundra,Aurora
19101,BLAST Slam VII,8831810450,TY,TSpirit,TSpirit
19101,BLAST Slam VII,8831817474,Liquid,Aurora,Aurora
19101,BLAST Slam VII,8831927547,Aurora,Liquid,Liquid
19696,DreamLeague Season 29,8809159511,VG,TSpirit,TSpirit
19696,DreamLeague Season 29,8809166456,Aurora,Liquid,Liquid
19696,DreamLeague Season 29,8809158835,VP,FLCN,VP
19696,DreamLeague Season 29,8809158915,GL,EX-ROIC,EX-ROIC
19696,DreamLeague Season 29,8809227928,Liquid,Aurora,Liquid
19696,DreamLeague Season 29,8809246462,EX-HERO,GL,GL
19696,DreamLeague Season 29,8809244962,TSpirit,VG,VG
19696,DreamLeague Season 29,8809303579,Aurora,Liquid,Liquid
19696,DreamLeague Season 29,8809242493,FLCN,VP,VP
19696,DreamLeague Season 29,8809373469,RKX,BetBoom,BetBoom
19696,DreamLeague Season 29,8809385333,NGX,NAVI,NAVI
19696,DreamLeague Season 29,8809412954,PV,Tundra,Tundra
19696,DreamLeague Season 29,8809425113,FLCN,VP,VP
19696,DreamLeague Season 29,8809470214,RKX,BetBoom,BetBoom
19696,DreamLeague Season 29,8809490207,NGX,NAVI,NAVI
19696,DreamLeague Season 29,8809504168,PV,Tundra,PV
19696,DreamLeague Season 29,8809536007,PlayTime,XG,PlayTime
19696,DreamLeague Season 29,8809600367,PV,Tundra,PV
19696,DreamLeague Season 29,8809634682,XG,PlayTime,XG
19696,DreamLeague Season 29,8809655926,VG,GL,GL
19696,DreamLeague Season 29,8809656567,Aurora,FLCN,Aurora
19696,DreamLeague Season 29,8809696561,Liquid,TSpirit,TSpirit
19696,DreamLeague Season 29,8809710774,VP,EX-HERO,EX-HERO
19696,DreamLeague Season 29,8809726019,GL,VG,GL
19696,DreamLeague Season 29,8809747666,FLCN,Aurora,FLCN
19696,DreamLeague Season 29,8809797141,VP,EX-HERO,EX-HERO
19696,DreamLeague Season 29,8809802771,TSpirit,Liquid,Liquid
19696,DreamLeague Season 29,8809888784,Liquid,TSpirit,TSpirit
19696,DreamLeague Season 29,8810373967,PV,BetBoom,BetBoom
19696,DreamLeague Season 29,8810373970,RKX,NAVI,NAVI
19696,DreamLeague Season 29,8810373959,XG,Tundra,Tundra
19696,DreamLeague Season 29,8810373935,PlayTime,NGX,NGX
19696,DreamLeague Season 29,8810429061,PV,BetBoom,BetBoom
19696,DreamLeague Season 29,8810441572,RKX,NAVI,NAVI
19696,DreamLeague Season 29,8810453731,NGX,PlayTime,PlayTime
19696,DreamLeague Season 29,8810506148,PV,BetBoom,BetBoom
19696,DreamLeague Season 29,8810508497,RKX,NAVI,RKX
19696,DreamLeague Season 29,8810452708,Tundra,XG,Tundra
19696,DreamLeague Season 29,8810600432,TSpirit,Aurora,Aurora
19696,DreamLeague Season 29,8810636217,VP,VG,VP
19696,DreamLeague Season 29,8810614945,EX-HERO,FLCN,EX-HERO
19696,DreamLeague Season 29,8810642364,GL,Liquid,Liquid
19696,DreamLeague Season 29,8810706519,Aurora,TSpirit,TSpirit
19696,DreamLeague Season 29,8810741766,VP,VG,VP
19696,DreamLeague Season 29,8810753165,EX-HERO,FLCN,EX-HERO
19696,DreamLeague Season 29,8810792178,Liquid,GL,GL
19696,DreamLeague Season 29,8810894235,PV,XG,PV
19696,DreamLeague Season 29,8810894092,NAVI,BetBoom,BetBoom
19696,DreamLeague Season 29,8810895940,NGX,Tundra,Tundra
19696,DreamLeague Season 29,8810894132,RKX,PlayTime,RKX
19696,DreamLeague Season 29,8810990695,BetBoom,NAVI,BetBoom
19696,DreamLeague Season 29,8810991986,NGX,Tundra,Tundra
19696,DreamLeague Season 29,8811000876,RKX,PlayTime,PlayTime
19696,DreamLeague Season 29,8810989536,PV,XG,PV
19696,DreamLeague Season 29,8811075585,Tundra,NGX,Tundra
19696,DreamLeague Season 29,8811095968,PV,XG,XG
19696,DreamLeague Season 29,8811620119,Aurora,EX-HERO,EX-HERO
19696,DreamLeague Season 29,8811618959,Liquid,VP,VP
19696,DreamLeague Season 29,8811618995,VG,FLCN,VG
19696,DreamLeague Season 29,8811618989,TSpirit,GL,GL
19696,DreamLeague Season 29,8811683230,VP,Liquid,Liquid
19696,DreamLeague Season 29,8811680490,EX-HERO,Aurora,EX-HERO
19696,DreamLeague Season 29,8811706161,GL,TSpirit,TSpirit
19696,DreamLeague Season 29,8811687114,FLCN,VG,FLCN
19696,DreamLeague Season 29,8811838021,NGX,XG,NGX
19696,DreamLeague Season 29,8811838048,PV,NAVI,NAVI
19696,DreamLeague Season 29,8811845697,BetBoom,PlayTime,BetBoom
19696,DreamLeague Season 29,8811839782,Tundra,RKX,Tundra
19696,DreamLeague Season 29,8811941658,PV,NAVI,NAVI
19696,DreamLeague Season 29,8811958377,PlayTime,BetBoom,PlayTime
19696,DreamLeague Season 29,8811930872,NGX,XG,NGX
19696,DreamLeague Season 29,8811974004,RKX,Tundra,Tundra
19696,DreamLeague Season 29,8812041728,BetBoom,PlayTime,PlayTime
19696,DreamLeague Season 29,8812138585,TSpirit,VP,VP
19696,DreamLeague Season 29,8812138635,FLCN,Liquid,Liquid
19696,DreamLeague Season 29,8812155277,Aurora,GL,GL
19696,DreamLeague Season 29,8812138607,VG,EX-HERO,EX-HERO
19696,DreamLeague Season 29,8812233361,VP,TSpirit,TSpirit
19696,DreamLeague Season 29,8812263063,Aurora,GL,GL
19696,DreamLeague Season 29,8812258249,FLCN,Liquid,Liquid
19696,DreamLeague Season 29,8812274718,EX-HERO,VG,EX-HERO
19696,DreamLeague Season 29,8812989097,NAVI,PlayTime,PlayTime
19696,DreamLeague Season 29,8812989027,NGX,PV,PV
19696,DreamLeague Season 29,8812990272,XG,RKX,XG
19696,DreamLeague Season 29,8812989544,Tundra,BetBoom,Tundra
19696,DreamLeague Season 29,8813059358,RKX,XG,XG
19696,DreamLeague Season 29,8813051930,PlayTime,NAVI,PlayTime
19696,DreamLeague Season 29,8813055101,PV,NGX,PV
19696,DreamLeague Season 29,8813075789,BetBoom,Tundra,Tundra
19696,DreamLeague Season 29,8813156153,Tundra,BetBoom,Tundra
19696,DreamLeague Season 29,8813239365,EX-HERO,Liquid,Liquid
19696,DreamLeague Season 29,8813239180,GL,VP,VP
19696,DreamLeague Season 29,8813240600,Aurora,VG,Aurora
19696,DreamLeague Season 29,8813287573,TSpirit,FLCN,TSpirit
19696,DreamLeague Season 29,8813352678,Liquid,EX-HERO,EX-HERO
19696,DreamLeague Season 29,8813352696,VP,GL,GL
19696,DreamLeague Season 29,8813355676,VG,Aurora,Aurora
19696,DreamLeague Season 29,8813398413,FLCN,TSpirit,TSpirit
19696,DreamLeague Season 29,8813441620,VP,GL,GL
19696,DreamLeague Season 29,8813453376,VG,Aurora,Aurora
19696,DreamLeague Season 29,8813536582,TSpirit,FLCN,FLCN
19696,DreamLeague Season 29,8813551147,NAVI,Tundra,Tundra
19696,DreamLeague Season 29,8813556518,RKX,NGX,NGX
19696,DreamLeague Season 29,8813604844,PV,PlayTime,PV
19696,DreamLeague Season 29,8813650766,Tundra,NAVI,NAVI
19696,DreamLeague Season 29,8813657190,NGX,RKX,NGX
19696,DreamLeague Season 29,8813653439,BetBoom,XG,XG
19696,DreamLeague Season 29,8813707883,PlayTime,PV,PlayTime
19696,DreamLeague Season 29,8813745846,Tundra,NAVI,Tundra
19696,DreamLeague Season 29,8813775647,XG,BetBoom,XG
19696,DreamLeague Season 29,8813802531,PlayTime,PV,PV
19696,DreamLeague Season 29,8814473986,TSpirit,EX-HERO,TSpirit
19696,DreamLeague Season 29,8814473655,VG,Liquid,Liquid
19696,DreamLeague Season 29,8814473618,VP,Aurora,Aurora
19696,DreamLeague Season 29,8814475396,GL,FLCN,GL
19696,DreamLeague Season 29,8814549253,EX-HERO,TSpirit,TSpirit
19696,DreamLeague Season 29,8814554021,VG,Liquid,Liquid
19696,DreamLeague Season 29,8814558995,Aurora,VP,VP
19696,DreamLeague Season 29,8814561483,FLCN,GL,GL
19696,DreamLeague Season 29,8814642533,VG,Liquid,Liquid
19696,DreamLeague Season 29,8814645393,VP,Aurora,Aurora
19696,DreamLeague Season 29,8814673909,FLCN,GL,GL
19696,DreamLeague Season 29,8814748706,PV,RKX,RKX
19696,DreamLeague Season 29,8814775838,PlayTime,Tundra,PlayTime
19696,DreamLeague Season 29,8814800807,XG,NAVI,NAVI
19696,DreamLeague Season 29,8814771003,NGX,BetBoom,NGX
19696,DreamLeague Season 29,8814858474,RKX,PV,RKX
19696,DreamLeague Season 29,8814932055,XG,NAVI,NAVI
19696,DreamLeague Season 29,8814885502,Tundra,PlayTime,PlayTime
19696,DreamLeague Season 29,8814944245,NGX,BetBoom,NGX
19696,DreamLeague Season 29,8814994202,RKX,PV,RKX
19696,DreamLeague Season 29,8815026096,PlayTime,Tundra,Tundra
19696,DreamLeague Season 29,8815801127,PlayTime,XG,XG
19696,DreamLeague Season 29,8815854223,PlayTime,Tundra,Tundra
19696,DreamLeague Season 29,8815912139,Tundra,XG,XG
19696,DreamLeague Season 29,8817062805,FLCN,Tundra,FLCN
19696,DreamLeague Season 29,8817145578,Tundra,FLCN,FLCN
19696,DreamLeague Season 29,8817248835,Liquid,PV,Liquid
19696,DreamLeague Season 29,8817309538,TSpirit,BB,TSpirit
19696,DreamLeague Season 29,8817364827,PV,Liquid,Liquid
19696,DreamLeague Season 29,8817437213,TSpirit,BB,TSpirit
19696,DreamLeague Season 29,8817480844,PV,Liquid,Liquid
19696,DreamLeague Season 29,8817588541,NAVI,Aurora,NAVI
19696,DreamLeague Season 29,8817670980,Aurora,NAVI,Aurora
19696,DreamLeague Season 29,8817760291,Aurora,NAVI,Aurora
19696,DreamLeague Season 29,8818236072,Tundra,VP,Tundra
19696,DreamLeague Season 29,8818298714,VP,Tundra,VP
19696,DreamLeague Season 29,8818365999,VP,Tundra,VP
19696,DreamLeague Season 29,8818469042,VG,BB,BB
19696,DreamLeague Season 29,8818592824,BB,VG,VG
19696,DreamLeague Season 29,8818701153,VG,BB,BB
19696,DreamLeague Season 29,8818801707,Liquid,XG,XG
19696,DreamLeague Season 29,8818882603,XG,Liquid,Liquid
19696,DreamLeague Season 29,8818947976,XG,Liquid,Liquid
19696,DreamLeague Season 29,8819416362,NAVI,PlayTime,NAVI
19696,DreamLeague Season 29,8819488294,PlayTime,NAVI,NAVI
19696,DreamLeague Season 29,8819559937,PlayTime,NAVI,PlayTime
19696,DreamLeague Season 29,8819659855,FLCN,PV,FLCN
19696,DreamLeague Season 29,8819762321,PV,FLCN,FLCN
19696,DreamLeague Season 29,8819831686,FLCN,PV,FLCN
19696,DreamLeague Season 29,8819933287,Aurora,TSpirit,TSpirit
19696,DreamLeague Season 29,8820011939,TSpirit,Aurora,Aurora
19696,DreamLeague Season 29,8820090629,TSpirit,Aurora,Aurora
19696,DreamLeague Season 29,8820614299,XG,Tundra,XG
19696,DreamLeague Season 29,8820696424,Tundra,XG,Tundra
19696,DreamLeague Season 29,8820791846,XG,Tundra,XG
19696,DreamLeague Season 29,8820939983,PlayTime,BB,BB
19696,DreamLeague Season 29,8821039753,PlayTime,BB,BB
19696,DreamLeague Season 29,8821169334,PlayTime,BB,BB
19696,DreamLeague Season 29,8821255705,Aurora,Tundra,Tundra
19696,DreamLeague Season 29,8821342421,Tundra,Aurora,Aurora
19696,DreamLeague Season 29,8821954344,PlayTime,FLCN,PlayTime
19696,DreamLeague Season 29,8822088303,PlayTime,FLCN,PlayTime
19696,DreamLeague Season 29,8822238357,TSpirit,PV,PV
19696,DreamLeague Season 29,8822330030,PV,TSpirit,TSpirit
19696,DreamLeague Season 29,8822412074,PV,TSpirit,PV
19696,DreamLeague Season 29,8822520406,Aurora,FLCN,Aurora
19696,DreamLeague Season 29,8822593932,FLCN,Aurora,Aurora
19696,DreamLeague Season 29,8823502263,Aurora,TSpirit,TSpirit
19696,DreamLeague Season 29,8823581121,TSpirit,Aurora,Aurora
19696,DreamLeague Season 29,8823789680,PV,Aurora,Aurora
19696,DreamLeague Season 29,8823904596,PV,Aurora,Aurora
19696,DreamLeague Season 29,8824011004,PV,Aurora,Aurora
19696,DreamLeague Season 29,8824123966,PV,Aurora,Aurora
19696,DreamLeague Season 29,8824218541,PV,Aurora,Aurora
